{
  "cities": [
    {
      "name": "A Coruña",
      "country": "Spain",
      "country_code": "ES",
      "lat": 43.365,
      "lon": -8.41,
      "population": 249261
    },
    {
      "name": "A Yun Pa",
      "country": "Vietnam",
      "country_code": "VN",
      "lat": 13.3939,
      "lon": 108.4408,
      "population": 53720
    },
    {
      "name": "Aabenraa",
      "country": "Denmark",
      "country_code": "DK",
      "lat": 55.0362,
      "lon": 9.418,
      "population": 15685
    },
    {
      "name": "Aachen",
      "country": "Germany",
      "country_code": "DE",
      "lat": 50.7756,
      "lon": 6.0836,
      "population": 252769
    },
    {
      "name": "Aadorf",
      "country": "Switzerland",
      "country_code": "CH",
      "lat": 47.4939,
      "lon": 8.8975,
      "population": 9036
    },
    {
      "name": "Aalborg",
      "country": "Denmark",
      "country_code": "DK",
      "lat": 57.0337,
      "lon": 9.9166,
      "population": 143598
    },
    {
      "name": "Aalen",
      "country": "Germany",
      "country_code": "DE",
      "lat": 48.8333,
      "lon": 10.1,
      "population": 69147
    },
    {
      "name": "Aaley",
      "country": "Lebanon",
      "country_code": "LB",
      "lat": 33.8,
      "lon": 35.6,
      "population": 35000
    },
    {
      "name": "Aalsmeer",
      "country": "Netherlands",
      "country_code": "NL",
      "lat": 52.2667,
      "lon": 4.75,
      "population": 31991
    },
    {
      "name": "Aalst",
      "country": "Belgium",
      "country_code": "BE",
      "lat": 50.9383,
      "lon": 4.0392,
      "population": 88854
    },
    {
      "name": "Aalten",
      "country": "Netherlands",
      "country_code": "NL",
      "lat": 51.925,
      "lon": 6.5808,
      "population": 27120
    },
    {
      "name": "Äänekoski",
      "country": "Finland",
      "country_code": "FI",
      "lat": 62.6,
      "lon": 25.725,
      "population": 17971
    },
    {
      "name": "Aarau",
      "country": "Switzerland",
      "country_code": "CH",
      "lat": 47.3923,
      "lon": 8.0446,
      "population": 21503
    },
    {
      "name": "Aarhus",
      "country": "Denmark",
      "country_code": "DK",
      "lat": 56.1572,
      "lon": 10.2107,
      "population": 290598
    },
    {
      "name": "Aars",
      "country": "Denmark",
      "country_code": "DK",
      "lat": 56.8038,
      "lon": 9.5158,
      "population": 8657
    },
    {
      "name": "Aarsâl",
      "country": "Lebanon",
      "country_code": "LB",
      "lat": 34.1794,
      "lon": 36.4208,
      "population": 50000
    },
    {
      "name": "Aarschot",
      "country": "Belgium",
      "country_code": "BE",
      "lat": 50.9875,
      "lon": 4.8333,
      "population": 29965
    },
    {
      "name": "Aartselaar",
      "country": "Belgium",
      "country_code": "BE",
      "lat": 51.1333,
      "lon": 4.3833,
      "population": 14427
    },
    {
      "name": "Aasiaat",
      "country": "Greenland",
      "country_code": "GL",
      "lat": 68.7097,
      "lon": -52.8694,
      "population": 3069
    },
    {
      "name": "Āb Pakhsh",
      "country": "Iran",
      "country_code": "IR",
      "lat": 29.3611,
      "lon": 51.0717,
      "population": 18913
    },
    {
      "name": "Aba",
      "country": "Nigeria",
      "country_code": "NG",
      "lat": 5.1167,
      "lon": 7.3667,
      "population": 1160000
    },
    {
      "name": "Aba",
      "country": "China",
      "country_code": "CN",
      "lat": 32.9,
      "lon": 101.7,
      "population": 11055
    },
    {
      "name": "Abadan",
      "country": "Turkmenistan",
      "country_code": "TM",
      "lat": 38.0517,
      "lon": 58.21,
      "population": 40813
    },
    {
      "name": "Abadiânia",
      "country": "Brazil",
      "country_code": "BR",
      "lat": -16.2039,
      "lon": -48.7069,
      "population": 11452
    },
    {
      "name": "Abadla",
      "country": "Algeria",
      "country_code": "DZ",
      "lat": 31.0167,
      "lon": -2.7333,
      "population": 13636
    },
    {
      "name": "Abadou",
      "country": "Morocco",
      "country_code": "MA",
      "lat": 31.5797,
      "lon": -7.3122,
      "population": 10484
    },
    {
      "name": "Abaeté",
      "country": "Brazil",
      "country_code": "BR",
      "lat": -19.1583,
      "lon": -45.4522,
      "population": 22360
    },
    {
      "name": "Abaetetuba",
      "country": "Brazil",
      "country_code": "BR",
      "lat": -1.7178,
      "lon": -48.8828,
      "population": 158188
    },
    {
      "name": "Abaí",
      "country": "Paraguay",
      "country_code": "PY",
      "lat": -26.0296,
      "lon": -55.94,
      "population": 3024
    },
    {
      "name": "Abaiara",
      "country": "Brazil",
      "country_code": "BR",
      "lat": -7.3589,
      "lon": -39.0458,
      "population": 10038
    },
    {
      "name": "Abaji",
      "country": "Nigeria",
      "country_code": "NG",
      "lat": 8.4756,
      "lon": 6.9433,
      "population": 127900
    },
    {
      "name": "Abakaliki",
      "country": "Nigeria",
      "country_code": "NG",
      "lat": 6.3249,
      "lon": 8.1137,
      "population": 0
    },
    {
      "name": "Abakan",
      "country": "Russia",
      "country_code": "RU",
      "lat": 53.7167,
      "lon": 91.4667,
      "population": 181709
    },
    {
      "name": "Abalessa",
      "country": "Algeria",
      "country_code": "DZ",
      "lat": 22.89,
      "lon": 4.8472,
      "population": 9163
    },
    {
      "name": "Abancay",
      "country": "Peru",
      "country_code": "PE",
      "lat": -13.6333,
      "lon": -72.8833,
      "population": 72277
    },
    {
      "name": "Abangaritos",
      "country": "Costa Rica",
      "country_code": "CR",
      "lat": 10.2492,
      "lon": -85.0268,
      "population": 18039
    },
    {
      "name": "Abano Terme",
      "country": "Italy",
      "country_code": "IT",
      "lat": 45.3619,
      "lon": 11.7924,
      "population": 20231
    },
    {
      "name": "Abarán",
      "country": "Spain",
      "country_code": "ES",
      "lat": 38.2031,
      "lon": -1.4003,
      "population": 13000
    },
    {
      "name": "Abaré",
      "country": "Brazil",
      "country_code": "BR",
      "lat": -8.7208,
      "lon": -39.115,
      "population": 17639
    },
    {
      "name": "Abarkūh",
      "country": "Iran",
      "country_code": "IR",
      "lat": 31.1256,
      "lon": 53.2625,
      "population": 27524
    },
    {
      "name": "‘Abasān al Kabīrah",
      "country": "Gaza Strip",
      "country_code": "XG",
      "lat": 31.3191,
      "lon": 34.3401,
      "population": 26767
    },
    {
      "name": "Abashiri",
      "country": "Japan",
      "country_code": "JP",
      "lat": 44.0167,
      "lon": 144.2667,
      "population": 34640
    },
    {
      "name": "Abasingammedda",
      "country": "Sri Lanka",
      "country_code": "LK",
      "lat": 7.3147,
      "lon": 80.666,
      "population": 11000
    },
    {
      "name": "Abasolo",
      "country": "Mexico",
      "country_code": "MX",
      "lat": 20.45,
      "lon": -101.517,
      "population": 29002
    },
    {
      "name": "Abasolo",
      "country": "Mexico",
      "country_code": "MX",
      "lat": 24.0559,
      "lon": -98.3733,
      "population": 12070
    },
    {
      "name": "Abay",
      "country": "Kazakhstan",
      "country_code": "KZ",
      "lat": 49.6311,
      "lon": 72.8539,
      "population": 25550
    },
    {
      "name": "Abay",
      "country": "Kazakhstan",
      "country_code": "KZ",
      "lat": 43.2092,
      "lon": 76.7603,
      "population": 10439
    },
    {
      "name": "Abaza",
      "country": "Russia",
      "country_code": "RU",
      "lat": 52.6481,
      "lon": 90.0739,
      "population": 12272
    },
    {
      "name": "Abbeville",
      "country": "France",
      "country_code": "FR",
      "lat": 50.1058,
      "lon": 1.8358,
      "population": 22406
    },
    {
      "name": "Abbeville",
      "country": "United States",
      "country_code": "US",
      "lat": 29.9751,
      "lon": -92.1265,
      "population": 11086
    },
    {
      "name": "Abbiategrasso",
      "country": "Italy",
      "country_code": "IT",
      "lat": 45.4009,
      "lon": 8.9185,
      "population": 32425
    },
    {
      "name": "Abbigeri",
      "country": "India",
      "country_code": "IN",
      "lat": 13.0767,
      "lon": 77.525,
      "population": 100000
    },
    {
      "name": "Abbigeri",
      "country": "India",
      "country_code": "IN",
      "lat": 15.5862,
      "lon": 75.7502,
      "population": 10801
    },
    {
      "name": "Abbots Langley",
      "country": "United Kingdom",
      "country_code": "GB",
      "lat": 51.701,
      "lon": -0.416,
      "population": 19574
    },
    {
      "name": "Abbotsford",
      "country": "Canada",
      "country_code": "CA",
      "lat": 49.05,
      "lon": -122.3167,
      "population": 153524
    },
    {
      "name": "Abbottabad",
      "country": "Pakistan",
      "country_code": "PK",
      "lat": 34.1558,
      "lon": 73.2194,
      "population": 148587
    },
    {
      "name": "Abcoude",
      "country": "Netherlands",
      "country_code": "NL",
      "lat": 52.27,
      "lon": 4.97,
      "population": 8791
    },
    {
      "name": "Abdul Hakim",
      "country": "Pakistan",
      "country_code": "PK",
      "lat": 30.55,
      "lon": 72.1328,
      "population": 51494
    },
    {
      "name": "Abdul Khel",
      "country": "Pakistan",
      "country_code": "PK",
      "lat": 32.3997,
      "lon": 70.9136,
      "population": 12000
    },
    {
      "name": "Abdulino",
      "country": "Russia",
      "country_code": "RU",
      "lat": 53.6667,
      "lon": 53.6333,
      "population": 17274
    },
    {
      "name": "Abdullahnagar",
      "country": "India",
      "country_code": "IN",
      "lat": 25.7683,
      "lon": 87.5557,
      "population": 17446
    },
    {
      "name": "Abdurahmoni Jomí",
      "country": "Tajikistan",
      "country_code": "TJ",
      "lat": 37.9458,
      "lon": 68.8117,
      "population": 18800
    },
    {
      "name": "Abéché",
      "country": "Chad",
      "country_code": "TD",
      "lat": 13.8331,
      "lon": 20.8347,
      "population": 76492
    },
    {
      "name": "Abejorral",
      "country": "Colombia",
      "country_code": "CO",
      "lat": 5.7894,
      "lon": -75.4281,
      "population": 20287
    },
    {
      "name": "Abelardo Luz",
      "country": "Brazil",
      "country_code": "BR",
      "lat": -26.565,
      "lon": -52.3278,
      "population": 17392
    },
    {
      "name": "Abengourou",
      "country": "Côte d’Ivoire",
      "country_code": "CI",
      "lat": 6.7297,
      "lon": -3.4964,
      "population": 164424
    },
    {
      "name": "Abensberg",
      "country": "Germany",
      "country_code": "DE",
      "lat": 48.8,
      "lon": 11.85,
      "population": 14685
    },
    {
      "name": "Abeokuta",
      "country": "Nigeria",
      "country_code": "NG",
      "lat": 7.1608,
      "lon": 3.3483,
      "population": 888924
    },
    {
      "name": "Aberaman",
      "country": "United Kingdom",
      "country_code": "GB",
      "lat": 51.7008,
      "lon": -3.4267,
      "population": 9964
    },
    {
      "name": "Aberbargoed",
      "country": "United Kingdom",
      "country_code": "GB",
      "lat": 51.6968,
      "lon": -3.224,
      "population": 9184
    },
    {
      "name": "Aberdare",
      "country": "United Kingdom",
      "country_code": "GB",
      "lat": 51.713,
      "lon": -3.445,
      "population": 14506
    },
    {
      "name": "Aberdeen",
      "country": "United Kingdom",
      "country_code": "GB",
      "lat": 57.15,
      "lon": -2.11,
      "population": 200680
    },
    {
      "name": "Aberdeen",
      "country": "United States",
      "country_code": "US",
      "lat": 45.4649,
      "lon": -98.4686,
      "population": 28297
    },
    {
      "name": "Aberdeen",
      "country": "United States",
      "country_code": "US",
      "lat": 40.4165,
      "lon": -74.2249,
      "population": 19274
    },
    {
      "name": "Aberdeen",
      "country": "United States",
      "country_code": "US",
      "lat": 46.9757,
      "lon": -123.8094,
      "population": 17040
    },
    {
      "name": "Aberdeen",
      "country": "United States",
      "country_code": "US",
      "lat": 39.5151,
      "lon": -76.1733,
      "population": 16831
    },
    {
      "name": "Aberdeen",
      "country": "United States",
      "country_code": "US",
      "lat": 35.135,
      "lon": -79.4326,
      "population": 8969
    },
    {
      "name": "Abergavenny",
      "country": "United Kingdom",
      "country_code": "GB",
      "lat": 51.824,
      "lon": -3.0167,
      "population": 10766
    },
    {
      "name": "Abergele",
      "country": "United Kingdom",
      "country_code": "GB",
      "lat": 53.28,
      "lon": -3.58,
      "population": 10577
    },
    {
      "name": "Abertawe",
      "country": "United Kingdom",
      "country_code": "GB",
      "lat": 51.6167,
      "lon": -3.95,
      "population": 246700
    },
    {
      "name": "Abertillery",
      "country": "United Kingdom",
      "country_code": "GB",
      "lat": 51.73,
      "lon": -3.13,
      "population": 10925
    },
    {
      "name": "Aberystwyth",
      "country": "United Kingdom",
      "country_code": "GB",
      "lat": 52.414,
      "lon": -4.081,
      "population": 10707
    },
    {
      "name": "Abhā",
      "country": "Saudi Arabia",
      "country_code": "SA",
      "lat": 18.2167,
      "lon": 42.5,
      "population": 236157
    },
    {
      "name": "Abhar",
      "country": "Iran",
      "country_code": "IR",
      "lat": 36.1464,
      "lon": 49.2225,
      "population": 99285
    },
    {
      "name": "Abhayāpuri",
      "country": "India",
      "country_code": "IN",
      "lat": 26.3225,
      "lon": 90.6853,
      "population": 19368
    },
    {
      "name": "Abhepur",
      "country": "India",
      "country_code": "IN",
      "lat": 39.41,
      "lon": 116.38,
      "population": 1895686
    },
    {
      "name": "Abhia",
      "country": "India",
      "country_code": "IN",
      "lat": 25.3499,
      "lon": 87.1427,
      "population": 11748
    },
    {
      "name": "Abhwar",
      "country": "India",
      "country_code": "IN",
      "lat": 26.174,
      "lon": 86.6324,
      "population": 13390
    },
    {
      "name": "Abī al Khaşīb",
      "country": "Iraq",
      "country_code": "IQ",
      "lat": 30.4464,
      "lon": 47.9781,
      "population": 240300
    },
    {
      "name": "Abidjan",
      "country": "Côte d’Ivoire",
      "country_code": "CI",
      "lat": 5.3364,
      "lon": -4.0267,
      "population": 4980000
    },
    {
      "name": "Abiko",
      "country": "Japan",
      "country_code": "JP",
      "lat": 35.8667,
      "lon": 140.0333,
      "population": 130290
    },
    {
      "name": "Abilene",
      "country": "United States",
      "country_code": "US",
      "lat": 32.4543,
      "lon": -99.7384,
      "population": 127130
    },
    {
      "name": "Abim",
      "country": "Uganda",
      "country_code": "UG",
      "lat": 2.7019,
      "lon": 33.66,
      "population": 24400
    },
    {
      "name": "Abingdon",
      "country": "United Kingdom",
      "country_code": "GB",
      "lat": 51.6717,
      "lon": -1.2783,
      "population": 33130
    },
    {
      "name": "Abington",
      "country": "United States",
      "country_code": "US",
      "lat": 40.1108,
      "lon": -75.1146,
      "population": 58470
    },
    {
      "name": "Abington",
      "country": "United States",
      "country_code": "US",
      "lat": 42.118,
      "lon": -70.959,
      "population": 17008
    },
    {
      "name": "Abinsk",
      "country": "Russia",
      "country_code": "RU",
      "lat": 44.8667,
      "lon": 38.15,
      "population": 14378
    },
    {
      "name": "Abirāmam",
      "country": "India",
      "country_code": "IN",
      "lat": 9.4423,
      "lon": 78.4399,
      "population": 8762
    },
    {
      "name": "Ābīy Ādī",
      "country": "Ethiopia",
      "country_code": "ET",
      "lat": 13.6231,
      "lon": 39.0017,
      "population": 16115
    },
    {
      "name": "Abjīj",
      "country": "Egypt",
      "country_code": "EG",
      "lat": 29.2861,
      "lon": 30.8152,
      "population": 10057
    },
    {
      "name": "Ablu",
      "country": "India",
      "country_code": "IN",
      "lat": 30.3391,
      "lon": 74.7879,
      "population": 8830
    },
    {
      "name": "Abnūb",
      "country": "Egypt",
      "country_code": "EG",
      "lat": 27.2667,
      "lon": 31.15,
      "population": 67526
    },
    {
      "name": "Abohar",
      "country": "India",
      "country_code": "IN",
      "lat": 30.1334,
      "lon": 74.2001,
      "population": 145302
    },
    {
      "name": "Aboisso",
      "country": "Côte d’Ivoire",
      "country_code": "CI",
      "lat": 5.4667,
      "lon": -3.2,
      "population": 100903
    },
    {
      "name": "Abomey",
      "country": "Benin",
      "country_code": "BJ",
      "lat": 7.1856,
      "lon": 1.9881,
      "population": 90195
    },
    {
      "name": "Abomey-Calavi",
      "country": "Benin",
      "country_code": "BJ",
      "lat": 6.4486,
      "lon": 2.3556,
      "population": 655965
    },
    {
      "name": "Ābomsa",
      "country": "Ethiopia",
      "country_code": "ET",
      "lat": 8.5833,
      "lon": 39.85,
      "population": 19208
    },
    {
      "name": "Abong Mbang",
      "country": "Cameroon",
      "country_code": "CM",
      "lat": 3.9833,
      "lon": 13.1667,
      "population": 18700
    },
    {
      "name": "Abony",
      "country": "Hungary",
      "country_code": "HU",
      "lat": 47.1892,
      "lon": 20.0053,
      "population": 14624
    },
    {
      "name": "Aborlan",
      "country": "Philippines",
      "country_code": "PH",
      "lat": 9.4386,
      "lon": 118.5481,
      "population": 38736
    },
    {
      "name": "Aboso",
      "country": "Ghana",
      "country_code": "GH",
      "lat": 5.3607,
      "lon": -1.9486,
      "population": 9945
    },
    {
      "name": "Abou el Hassan",
      "country": "Algeria",
      "country_code": "DZ",
      "lat": 36.4167,
      "lon": 1.2,
      "population": 20164
    },
    {
      "name": "Abovyan",
      "country": "Armenia",
      "country_code": "AM",
      "lat": 40.2739,
      "lon": 44.6256,
      "population": 44400
    },
    {
      "name": "Abqaiq",
      "country": "Saudi Arabia",
      "country_code": "SA",
      "lat": 25.934,
      "lon": 49.6688,
      "population": 45032
    },
    {
      "name": "Abra de Ilog",
      "country": "Philippines",
      "country_code": "PH",
      "lat": 13.4448,
      "lon": 120.726,
      "population": 35176
    },
    {
      "name": "Abra Pampa",
      "country": "Argentina",
      "country_code": "AR",
      "lat": -22.7167,
      "lon": -65.7,
      "population": 9425
    },
    {
      "name": "Abram",
      "country": "United Kingdom",
      "country_code": "GB",
      "lat": 53.508,
      "lon": -2.588,
      "population": 9855
    },
    {
      "name": "Abrandābād-e Shāhedīyeh",
      "country": "Iran",
      "country_code": "IR",
      "lat": 31.9383,
      "lon": 54.2786,
      "population": 18309
    },
    {
      "name": "Abrantes",
      "country": "Portugal",
      "country_code": "PT",
      "lat": 39.4667,
      "lon": -8.2,
      "population": 39325
    },
    {
      "name": "Abre Campo",
      "country": "Brazil",
      "country_code": "BR",
      "lat": -20.3008,
      "lon": -42.4778,
      "population": 13927
    },
    {
      "name": "Ábrego",
      "country": "Colombia",
      "country_code": "CO",
      "lat": 8.0,
      "lon": -73.2,
      "population": 38627
    },
    {
      "name": "Abrera",
      "country": "Spain",
      "country_code": "ES",
      "lat": 41.5167,
      "lon": 1.9,
      "population": 13014
    },
    {
      "name": "Abreu e Lima",
      "country": "Brazil",
      "country_code": "BR",
      "lat": -7.9117,
      "lon": -34.9028,
      "population": 98462
    },
    {
      "name": "Abreus",
      "country": "Cuba",
      "country_code": "CU",
      "lat": 22.2806,
      "lon": -80.5678,
      "population": 23144
    },
    {
      "name": "Abrīsham",
      "country": "Iran",
      "country_code": "IR",
      "lat": 32.5675,
      "lon": 51.5733,
      "population": 19406
    },
    {
      "name": "Absecon",
      "country": "United States",
      "country_code": "US",
      "lat": 39.4229,
      "lon": -74.4944,
      "population": 9099
    },
    {
      "name": "Abu",
      "country": "India",
      "country_code": "IN",
      "lat": 24.5925,
      "lon": 72.7083,
      "population": 22943
    },
    {
      "name": "Abū al Maţāmīr",
      "country": "Egypt",
      "country_code": "EG",
      "lat": 30.9102,
      "lon": 30.1744,
      "population": 44415
    },
    {
      "name": "Abu Dhabi",
      "country": "United Arab Emirates",
      "country_code": "AE",
      "lat": 24.4667,
      "lon": 54.3667,
      "population": 1483000
    },
    {
      "name": "Abū Dīs",
      "country": "West Bank",
      "country_code": "XW",
      "lat": 31.7622,
      "lon": 35.2617,
      "population": 12251
    },
    {
      "name": "Abū Ghurayb",
      "country": "Iraq",
      "country_code": "IQ",
      "lat": 33.3056,
      "lon": 44.1848,
      "population": 189000
    },
    {
      "name": "Abū Ḩamad",
      "country": "Sudan",
      "country_code": "SD",
      "lat": 19.5375,
      "lon": 33.3275,
      "population": 50000
    },
    {
      "name": "Abū Ḩardūb",
      "country": "Syria",
      "country_code": "SY",
      "lat": 34.8453,
      "lon": 40.6285,
      "population": 8657
    },
    {
      "name": "Abū Ḩulayfah",
      "country": "Kuwait",
      "country_code": "KW",
      "lat": 29.1322,
      "lon": 48.1261,
      "population": 164212
    },
    {
      "name": "Abū Ḩummuş",
      "country": "Egypt",
      "country_code": "EG",
      "lat": 31.0931,
      "lon": 30.3142,
      "population": 569157
    },
    {
      "name": "Abū Khashab",
      "country": "Syria",
      "country_code": "SY",
      "lat": 35.9481,
      "lon": 40.022,
      "population": 9046
    },
    {
      "name": "Abū Qīr",
      "country": "Egypt",
      "country_code": "EG",
      "lat": 31.3167,
      "lon": 30.0667,
      "population": 37997
    },
    {
      "name": "Abū Qurqāş",
      "country": "Egypt",
      "country_code": "EG",
      "lat": 27.9304,
      "lon": 30.8383,
      "population": 63264
    },
    {
      "name": "Abū Şīr Banā",
      "country": "Egypt",
      "country_code": "EG",
      "lat": 30.9127,
      "lon": 31.2427,
      "population": 22214
    },
    {
      "name": "Abū Şuwayr",
      "country": "Egypt",
      "country_code": "EG",
      "lat": 30.5698,
      "lon": 32.1146,
      "population": 30320
    },
    {
      "name": "Abū Tīj",
      "country": "Egypt",
      "country_code": "EG",
      "lat": 27.0442,
      "lon": 31.3189,
      "population": 70969
    },
    {
      "name": "Abū Ţisht",
      "country": "Egypt",
      "country_code": "EG",
      "lat": 26.1204,
      "lon": 32.0954,
      "population": 514535
    },
    {
      "name": "Abū Za‘bal",
      "country": "Egypt",
      "country_code": "EG",
      "lat": 30.2495,
      "lon": 31.3545,
      "population": 55938
    },
    {
      "name": "Abucay",
      "country": "Philippines",
      "country_code": "PH",
      "lat": 14.7222,
      "lon": 120.5354,
      "population": 42984
    },
    {
      "name": "Abuja",
      "country": "Nigeria",
      "country_code": "NG",
      "lat": 9.0667,
      "lon": 7.4833,
      "population": 3770000
    },
    {
      "name": "Abulug",
      "country": "Philippines",
      "country_code": "PH",
      "lat": 18.4441,
      "lon": 121.4576,
      "population": 34579
    },
    {
      "name": "Abunã",
      "country": "Brazil",
      "country_code": "BR",
      "lat": -9.6954,
      "lon": -65.3597,
      "population": 1929
    },
    {
      "name": "Aburi",
      "country": "Ghana",
      "country_code": "GH",
      "lat": 5.8472,
      "lon": -0.1775,
      "population": 18701
    },
    {
      "name": "Abuyog",
      "country": "Philippines",
      "country_code": "PH",
      "lat": 10.7458,
      "lon": 125.0122,
      "population": 61216
    },
    {
      "name": "Abūz̄ar-e Ghaffārī",
      "country": "Iran",
      "country_code": "IR",
      "lat": 32.1806,
      "lon": 48.2778,
      "population": 9272
    },
    {
      "name": "Ābyek",
      "country": "Iran",
      "country_code": "IR",
      "lat": 36.0411,
      "lon": 50.5306,
      "population": 60107
    },
    {
      "name": "Aç-çahrij",
      "country": "Morocco",
      "country_code": "MA",
      "lat": 31.8,
      "lon": -7.14,
      "population": 16313
    },
    {
      "name": "Acacías",
      "country": "Colombia",
      "country_code": "CO",
      "lat": 3.9878,
      "lon": -73.7597,
      "population": 75252
    },
    {
      "name": "Acahay",
      "country": "Paraguay",
      "country_code": "PY",
      "lat": -25.9141,
      "lon": -57.1133,
      "population": 16264
    },
    {
      "name": "Açailandia",
      "country": "Brazil",
      "country_code": "BR",
      "lat": -4.9469,
      "lon": -47.505,
      "population": 106550
    },
    {
      "name": "Acajutiba",
      "country": "Brazil",
      "country_code": "BR",
      "lat": -11.6619,
      "lon": -38.0169,
      "population": 13795
    },
    {
      "name": "Acajutla",
      "country": "El Salvador",
      "country_code": "SV",
      "lat": 13.59,
      "lon": -89.8336,
      "population": 29701
    },
    {
      "name": "Acala",
      "country": "Mexico",
      "country_code": "MX",
      "lat": 16.5533,
      "lon": -92.8069,
      "population": 15001
    },
    {
      "name": "Acalá del Río",
      "country": "Spain",
      "country_code": "ES",
      "lat": 37.5167,
      "lon": -5.9667,
      "population": 12250
    },
    {
      "name": "Acámbaro",
      "country": "Mexico",
      "country_code": "MX",
      "lat": 20.0361,
      "lon": -100.7314,
      "population": 56597
    },
    {
      "name": "Acambay",
      "country": "Mexico",
      "country_code": "MX",
      "lat": 19.9539,
      "lon": -99.8431,
      "population": 56847
    },
    {
      "name": "Acanceh",
      "country": "Mexico",
      "country_code": "MX",
      "lat": 20.8133,
      "lon": -89.4524,
      "population": 10968
    },
    {
      "name": "Acandí",
      "country": "Colombia",
      "country_code": "CO",
      "lat": 8.5333,
      "lon": -77.2333,
      "population": 12095
    },
    {
      "name": "Acapetahua",
      "country": "Mexico",
      "country_code": "MX",
      "lat": 15.2333,
      "lon": -92.7667,
      "population": 26899
    },
    {
      "name": "Acapulco de Juárez",
      "country": "Mexico",
      "country_code": "MX",
      "lat": 16.8636,
      "lon": -99.8825,
      "population": 673478
    },
    {
      "name": "Acará",
      "country": "Brazil",
      "country_code": "BR",
      "lat": -1.9608,
      "lon": -48.1969,
      "population": 52126
    },
    {
      "name": "Acarape",
      "country": "Brazil",
      "country_code": "BR",
      "lat": -4.2242,
      "lon": -38.7083,
      "population": 16288
    },
    {
      "name": "Acaraú",
      "country": "Brazil",
      "country_code": "BR",
      "lat": -2.8858,
      "lon": -40.12,
      "population": 48968
    },
    {
      "name": "Acari",
      "country": "Brazil",
      "country_code": "BR",
      "lat": -6.4358,
      "lon": -36.6389,
      "population": 10597
    },
    {
      "name": "Acarigua",
      "country": "Venezuela",
      "country_code": "VE",
      "lat": 9.5597,
      "lon": -69.2019,
      "population": 203358
    },
    {
      "name": "Acarlar",
      "country": "Turkey",
      "country_code": "TR",
      "lat": 37.8244,
      "lon": 27.7467,
      "population": 12297
    },
    {
      "name": "Acasusso",
      "country": "Argentina",
      "country_code": "AR",
      "lat": -34.4667,
      "lon": -58.5167,
      "population": 12842
    },
    {
      "name": "Acate",
      "country": "Italy",
      "country_code": "IT",
      "lat": 37.0253,
      "lon": 14.4925,
      "population": 10576
    },
    {
      "name": "Acatenango",
      "country": "Guatemala",
      "country_code": "GT",
      "lat": 14.5544,
      "lon": -90.9439,
      "population": 28780
    },
    {
      "name": "Acatic",
      "country": "Mexico",
      "country_code": "MX",
      "lat": 20.7803,
      "lon": -102.91,
      "population": 21530
    },
    {
      "name": "Acatlán",
      "country": "Mexico",
      "country_code": "MX",
      "lat": 20.2333,
      "lon": -103.5333,
      "population": 25250
    },
    {
      "name": "Acatlán",
      "country": "Mexico",
      "country_code": "MX",
      "lat": 20.1444,
      "lon": -98.4383,
      "population": 22268
    },
    {
      "name": "Acatlán de Osorio",
      "country": "Mexico",
      "country_code": "MX",
      "lat": 18.2086,
      "lon": -98.0575,
      "population": 33954
    },
    {
      "name": "Acatlán de Pérez Figueroa",
      "country": "Mexico",
      "country_code": "MX",
      "lat": 18.5333,
      "lon": -96.6,
      "population": 42347
    },
    {
      "name": "Acatzingo",
      "country": "Mexico",
      "country_code": "MX",
      "lat": 18.9817,
      "lon": -97.7822,
      "population": 52078
    },
    {
      "name": "Acaxochitlán",
      "country": "Mexico",
      "country_code": "MX",
      "lat": 20.1667,
      "lon": -98.2,
      "population": 46065
    },
    {
      "name": "Acayucan",
      "country": "Mexico",
      "country_code": "MX",
      "lat": 17.9422,
      "lon": -94.9103,
      "population": 83817
    },
    {
      "name": "Accokeek",
      "country": "United States",
      "country_code": "US",
      "lat": 38.6745,
      "lon": -77.0023,
      "population": 13226
    },
    {
      "name": "Accra",
      "country": "Ghana",
      "country_code": "GH",
      "lat": 5.5461,
      "lon": -0.2067,
      "population": 491817
    },
    {
      "name": "Accrington",
      "country": "United Kingdom",
      "country_code": "GB",
      "lat": 53.7534,
      "lon": -2.3638,
      "population": 35456
    },
    {
      "name": "Acerra",
      "country": "Italy",
      "country_code": "IT",
      "lat": 40.95,
      "lon": 14.3667,
      "population": 58322
    },
    {
      "name": "Acevedo",
      "country": "Colombia",
      "country_code": "CO",
      "lat": 1.8192,
      "lon": -75.8964,
      "population": 39877
    },
    {
      "name": "Achacachi",
      "country": "Bolivia",
      "country_code": "BO",
      "lat": -16.0444,
      "lon": -68.685,
      "population": 8857
    },
    {
      "name": "Achaguas",
      "country": "Venezuela",
      "country_code": "VE",
      "lat": 7.7667,
      "lon": -68.2333,
      "population": 38523
    },
    {
      "name": "Achaljāmu",
      "country": "India",
      "country_code": "IN",
      "lat": 24.0243,
      "lon": 85.8306,
      "population": 16826
    },
    {
      "name": "Achampet",
      "country": "India",
      "country_code": "IN",
      "lat": 16.399,
      "lon": 78.637,
      "population": 20721
    },
    {
      "name": "Achankovil",
      "country": "India",
      "country_code": "IN",
      "lat": 8.9667,
      "lon": 77.1431,
      "population": 11133
    },
    {
      "name": "Acharipallam",
      "country": "India",
      "country_code": "IN",
      "lat": 8.17,
      "lon": 77.3698,
      "population": 16836
    },
    {
      "name": "Acharnés",
      "country": "Greece",
      "country_code": "GR",
      "lat": 38.0833,
      "lon": 23.7333,
      "population": 108169
    },
    {
      "name": "Achchampeta",
      "country": "India",
      "country_code": "IN",
      "lat": 17.0941,
      "lon": 82.3099,
      "population": 8604
    },
    {
      "name": "Achchippatti",
      "country": "India",
      "country_code": "IN",
      "lat": 10.6989,
      "lon": 77.015,
      "population": 9849
    },
    {
      "name": "Achères",
      "country": "France",
      "country_code": "FR",
      "lat": 48.9602,
      "lon": 2.0684,
      "population": 21663
    },
    {
      "name": "Achern",
      "country": "Germany",
      "country_code": "DE",
      "lat": 48.6333,
      "lon": 8.0667,
      "population": 26664
    },
    {
      "name": "Achhnera",
      "country": "India",
      "country_code": "IN",
      "lat": 27.18,
      "lon": 77.77,
      "population": 22781
    },
    {
      "name": "Achí",
      "country": "Colombia",
      "country_code": "CO",
      "lat": 8.5667,
      "lon": -74.55,
      "population": 23051
    },
    {
      "name": "Achim",
      "country": "Germany",
      "country_code": "DE",
      "lat": 53.0653,
      "lon": 9.0342,
      "population": 32961
    },
    {
      "name": "Achinsk",
      "country": "Russia",
      "country_code": "RU",
      "lat": 56.2817,
      "lon": 90.5039,
      "population": 99665
    },
    {
      "name": "Achocalla",
      "country": "Bolivia",
      "country_code": "BO",
      "lat": -16.5833,
      "lon": -68.1667,
      "population": 18442
    },
    {
      "name": "Achuapa",
      "country": "Nicaragua",
      "country_code": "NI",
      "lat": 13.05,
      "lon": -86.5833,
      "population": 13797
    },
    {
      "name": "Aci Castello",
      "country": "Italy",
      "country_code": "IT",
      "lat": 37.55,
      "lon": 15.15,
      "population": 17852
    },
    {
      "name": "Aci Catena",
      "country": "Italy",
      "country_code": "IT",
      "lat": 37.5917,
      "lon": 15.1451,
      "population": 27790
    },
    {
      "name": "Aci Sant’Antonio",
      "country": "Italy",
      "country_code": "IT",
      "lat": 37.6059,
      "lon": 15.126,
      "population": 17995
    },
    {
      "name": "Acilia",
      "country": "Italy",
      "country_code": "IT",
      "lat": 41.7833,
      "lon": 12.3667,
      "population": 66932
    },
    {
      "name": "Acireale",
      "country": "Italy",
      "country_code": "IT",
      "lat": 37.6125,
      "lon": 15.1656,
      "population": 50515
    },
    {
      "name": "Acobamba",
      "country": "Peru",
      "country_code": "PE",
      "lat": -12.8431,
      "lon": -74.5694,
      "population": 8980
    },
    {
      "name": "Acomb",
      "country": "United Kingdom",
      "country_code": "GB",
      "lat": 53.96,
      "lon": -1.1308,
      "population": 22215
    },
    {
      "name": "Aconibe",
      "country": "Equatorial Guinea",
      "country_code": "GQ",
      "lat": 1.3,
      "lon": 10.9333,
      "population": 13382
    },
    {
      "name": "Acopiara",
      "country": "Brazil",
      "country_code": "BR",
      "lat": -6.095,
      "lon": -39.4528,
      "population": 44962
    },
    {
      "name": "Acornhoek",
      "country": "South Africa",
      "country_code": "ZA",
      "lat": -24.593,
      "lon": 31.097,
      "population": 33529
    },
    {
      "name": "Acoyapa",
      "country": "Nicaragua",
      "country_code": "NI",
      "lat": 11.9667,
      "lon": -85.1667,
      "population": 16946
    },
    {
      "name": "Acıpayam",
      "country": "Turkey",
      "country_code": "TR",
      "lat": 37.425,
      "lon": 29.3539,
      "population": 54888
    },
    {
      "name": "Acquaviva",
      "country": "San Marino",
      "country_code": "SM",
      "lat": 43.9457,
      "lon": 12.4185,
      "population": 2145
    },
    {
      "name": "Acquaviva delle Fonti",
      "country": "Italy",
      "country_code": "IT",
      "lat": 40.9,
      "lon": 16.85,
      "population": 19938
    },
    {
      "name": "Acqui Terme",
      "country": "Italy",
      "country_code": "IT",
      "lat": 44.6761,
      "lon": 8.4686,
      "population": 18967
    },
    {
      "name": "Acri",
      "country": "Italy",
      "country_code": "IT",
      "lat": 39.5,
      "lon": 16.3833,
      "population": 18836
    },
    {
      "name": "Acton",
      "country": "United Kingdom",
      "country_code": "GB",
      "lat": 51.5135,
      "lon": -0.2707,
      "population": 62480
    },
    {
      "name": "Acton",
      "country": "United States",
      "country_code": "US",
      "lat": 42.4843,
      "lon": -71.4378,
      "population": 23961
    },
    {
      "name": "Acton",
      "country": "Canada",
      "country_code": "CA",
      "lat": 43.6333,
      "lon": -80.0333,
      "population": 9377
    },
    {
      "name": "Actopan",
      "country": "Mexico",
      "country_code": "MX",
      "lat": 19.5036,
      "lon": -96.6192,
      "population": 43388
    },
    {
      "name": "Actopan",
      "country": "Mexico",
      "country_code": "MX",
      "lat": 20.2681,
      "lon": -98.9442,
      "population": 29223
    },
    {
      "name": "Açu",
      "country": "Brazil",
      "country_code": "BR",
      "lat": -5.5769,
      "lon": -36.9089,
      "population": 47904
    },
    {
      "name": "Açucena",
      "country": "Brazil",
      "country_code": "BR",
      "lat": -19.0728,
      "lon": -42.5458,
      "population": 8943
    },
    {
      "name": "Acul du Nord",
      "country": "Haiti",
      "country_code": "HT",
      "lat": 19.6807,
      "lon": -72.3198,
      "population": 55908
    },
    {
      "name": "Acushnet",
      "country": "United States",
      "country_code": "US",
      "lat": 41.7138,
      "lon": -70.9012,
      "population": 10563
    },
    {
      "name": "Acworth",
      "country": "United States",
      "country_code": "US",
      "lat": 34.0566,
      "lon": -84.6716,
      "population": 22370
    },
    {
      "name": "Aḑ Ḑab‘ah",
      "country": "Egypt",
      "country_code": "EG",
      "lat": 31.0338,
      "lon": 28.4333,
      "population": 14212
    },
    {
      "name": "Ad Dabbah",
      "country": "Sudan",
      "country_code": "SD",
      "lat": 18.05,
      "lon": 30.95,
      "population": 52000
    },
    {
      "name": "Aḑ Ḑabyah",
      "country": "Yemen",
      "country_code": "YE",
      "lat": 13.6967,
      "lon": 44.7308,
      "population": 21783
    },
    {
      "name": "Ad Dakhla",
      "country": "Morocco",
      "country_code": "MA",
      "lat": 23.7081,
      "lon": -15.9456,
      "population": 106277
    },
    {
      "name": "Aḑ Ḑāli‘",
      "country": "Yemen",
      "country_code": "YE",
      "lat": 13.6957,
      "lon": 44.7314,
      "population": 21783
    },
    {
      "name": "Ad Dammām",
      "country": "Saudi Arabia",
      "country_code": "SA",
      "lat": 26.4333,
      "lon": 50.1,
      "population": 903312
    },
    {
      "name": "Ad Darb",
      "country": "Saudi Arabia",
      "country_code": "SA",
      "lat": 17.7229,
      "lon": 42.2526,
      "population": 69134
    },
    {
      "name": "Ad Darbāsīyah",
      "country": "Syria",
      "country_code": "SY",
      "lat": 37.0728,
      "lon": 40.652,
      "population": 8551
    },
    {
      "name": "Ad Darwa",
      "country": "Morocco",
      "country_code": "MA",
      "lat": 33.4167,
      "lon": -7.5333,
      "population": 96619
    },
    {
      "name": "Ad Dirāz",
      "country": "Bahrain",
      "country_code": "BH",
      "lat": 26.2186,
      "lon": 50.4756,
      "population": 18000
    },
    {
      "name": "Ad Dir‘īyah",
      "country": "Saudi Arabia",
      "country_code": "SA",
      "lat": 24.7333,
      "lon": 46.5756,
      "population": 19143
    },
    {
      "name": "Ad Dīs",
      "country": "Yemen",
      "country_code": "YE",
      "lat": 14.8833,
      "lon": 49.8667,
      "population": 16614
    },
    {
      "name": "Ad Dīwānīyah",
      "country": "Iraq",
      "country_code": "IQ",
      "lat": 31.9892,
      "lon": 44.9247,
      "population": 391600
    },
    {
      "name": "Ad Diwem",
      "country": "Sudan",
      "country_code": "SD",
      "lat": 13.9904,
      "lon": 32.3,
      "population": 87068
    },
    {
      "name": "Ad Dujayl",
      "country": "Iraq",
      "country_code": "IQ",
      "lat": 33.8467,
      "lon": 44.2344,
      "population": 100000
    },
    {
      "name": "Aḑ Ḑulū‘īyah",
      "country": "Iraq",
      "country_code": "IQ",
      "lat": 34.0328,
      "lon": 44.2248,
      "population": 17000
    },
    {
      "name": "Ad Duraykīsh",
      "country": "Syria",
      "country_code": "SY",
      "lat": 34.8951,
      "lon": 36.143,
      "population": 13244
    },
    {
      "name": "Ada",
      "country": "Nigeria",
      "country_code": "NG",
      "lat": 7.8956,
      "lon": 4.7094,
      "population": 174152
    },
    {
      "name": "Ada",
      "country": "United States",
      "country_code": "US",
      "lat": 34.7662,
      "lon": -96.6681,
      "population": 16536
    },
    {
      "name": "Ada",
      "country": "Serbia",
      "country_code": "RS",
      "lat": 45.8,
      "lon": 20.1333,
      "population": 10547
    },
    {
      "name": "Adachi",
      "country": "Japan",
      "country_code": "JP",
      "lat": 35.7833,
      "lon": 139.8,
      "population": 682326
    },
    {
      "name": "Adakplamé",
      "country": "Benin",
      "country_code": "BJ",
      "lat": 7.45,
      "lon": 2.55,
      "population": 14089
    },
    {
      "name": "Adalaj",
      "country": "India",
      "country_code": "IN",
      "lat": 23.17,
      "lon": 72.58,
      "population": 11957
    },
    {
      "name": "Adalar",
      "country": "Turkey",
      "country_code": "TR",
      "lat": 40.8578,
      "lon": 29.12,
      "population": 8586
    },
    {
      "name": "Adalhāt",
      "country": "India",
      "country_code": "IN",
      "lat": 25.282,
      "lon": 82.9563,
      "population": 22194
    },
    {
      "name": "Adalpur",
      "country": "India",
      "country_code": "IN",
      "lat": 26.191,
      "lon": 86.0239,
      "population": 10494
    },
    {
      "name": "Adamankottai",
      "country": "India",
      "country_code": "IN",
      "lat": 12.0742,
      "lon": 78.1237,
      "population": 9638
    },
    {
      "name": "Adamantina",
      "country": "Brazil",
      "country_code": "BR",
      "lat": -21.6847,
      "lon": -51.0733,
      "population": 35111
    },
    {
      "name": "Ādamī Tulu",
      "country": "Ethiopia",
      "country_code": "ET",
      "lat": 7.8667,
      "lon": 38.7,
      "population": 9034
    },
    {
      "name": "Ādampur",
      "country": "India",
      "country_code": "IN",
      "lat": 31.4322,
      "lon": 75.7148,
      "population": 22053
    },
    {
      "name": "Adams",
      "country": "United States",
      "country_code": "US",
      "lat": 40.7092,
      "lon": -80.0118,
      "population": 15056
    },
    {
      "name": "Adamstown",
      "country": "Pitcairn Islands",
      "country_code": "PN",
      "lat": -25.0667,
      "lon": -130.0833,
      "population": 47
    },
    {
      "name": "Adana",
      "country": "Turkey",
      "country_code": "TR",
      "lat": 37.0,
      "lon": 35.3213,
      "population": 1765981
    },
    {
      "name": "Ādaži",
      "country": "Latvia",
      "country_code": "LV",
      "lat": 57.0769,
      "lon": 24.3236,
      "population": 7535
    },
    {
      "name": "Adda-Douéni",
      "country": "Comoros",
      "country_code": "KM",
      "lat": -12.3,
      "lon": 44.5,
      "population": 10858
    },
    {
      "name": "Addanki",
      "country": "India",
      "country_code": "IN",
      "lat": 15.8167,
      "lon": 79.9833,
      "population": 43850
    },
    {
      "name": "Addis Ababa",
      "country": "Ethiopia",
      "country_code": "ET",
      "lat": 9.03,
      "lon": 38.74,
      "population": 5704000
    },
    {
      "name": "Addison",
      "country": "United States",
      "country_code": "US",
      "lat": 41.9313,
      "lon": -88.0085,
      "population": 35470
    },
    {
      "name": "Addison",
      "country": "United States",
      "country_code": "US",
      "lat": 32.959,
      "lon": -96.8355,
      "population": 17128
    },
    {
      "name": "Addlestone",
      "country": "United Kingdom",
      "country_code": "GB",
      "lat": 51.3695,
      "lon": -0.4901,
      "population": 15883
    },
    {
      "name": "Adeje",
      "country": "Spain",
      "country_code": "ES",
      "lat": 28.1167,
      "lon": -16.7167,
      "population": 50549
    },
    {
      "name": "Adekar Kebouche",
      "country": "Algeria",
      "country_code": "DZ",
      "lat": 36.6833,
      "lon": 4.6667,
      "population": 14552
    },
    {
      "name": "Adel",
      "country": "United Kingdom",
      "country_code": "GB",
      "lat": 53.8489,
      "lon": -1.5849,
      "population": 19430
    },
    {
      "name": "Adelaide",
      "country": "Australia",
      "country_code": "AU",
      "lat": -34.9275,
      "lon": 138.6,
      "population": 1387290
    },
    {
      "name": "Adelaide",
      "country": "South Africa",
      "country_code": "ZA",
      "lat": -32.7078,
      "lon": 26.2956,
      "population": 12191
    },
    {
      "name": "Adelaide River",
      "country": "Australia",
      "country_code": "AU",
      "lat": -13.2378,
      "lon": 131.1047,
      "population": 243
    },
    {
      "name": "Adelanto",
      "country": "United States",
      "country_code": "US",
      "lat": 34.5814,
      "lon": -117.4397,
      "population": 38010
    },
    {
      "name": "Adelfia",
      "country": "Italy",
      "country_code": "IT",
      "lat": 41.0,
      "lon": 16.8667,
      "population": 16494
    },
    {
      "name": "Adelphi",
      "country": "United States",
      "country_code": "US",
      "lat": 39.0017,
      "lon": -76.9649,
      "population": 17210
    },
    {
      "name": "Adelsdorf",
      "country": "Germany",
      "country_code": "DE",
      "lat": 49.7167,
      "lon": 10.9,
      "population": 9382
    },
    {
      "name": "Aden",
      "country": "Yemen",
      "country_code": "YE",
      "lat": 12.8,
      "lon": 45.0333,
      "population": 863000
    },
    {
      "name": "Adendorf",
      "country": "Germany",
      "country_code": "DE",
      "lat": 53.2833,
      "lon": 10.45,
      "population": 11053
    },
    {
      "name": "Adesar",
      "country": "India",
      "country_code": "IN",
      "lat": 23.5589,
      "lon": 70.9833,
      "population": 9560
    },
    {
      "name": "Ādēt",
      "country": "Ethiopia",
      "country_code": "ET",
      "lat": 11.2667,
      "lon": 37.4833,
      "population": 21117
    },
    {
      "name": "Adi Keyh",
      "country": "Eritrea",
      "country_code": "ER",
      "lat": 14.8333,
      "lon": 39.3667,
      "population": 13061
    },
    {
      "name": "Ādīgala",
      "country": "Ethiopia",
      "country_code": "ET",
      "lat": 10.4236,
      "lon": 42.2333,
      "population": 80440
    },
    {
      "name": "Adigappādi",
      "country": "India",
      "country_code": "IN",
      "lat": 12.1459,
      "lon": 78.0946,
      "population": 10111
    },
    {
      "name": "Adigaratti",
      "country": "India",
      "country_code": "IN",
      "lat": 11.3357,
      "lon": 76.6971,
      "population": 21123
    },
    {
      "name": "Adigoppula",
      "country": "India",
      "country_code": "IN",
      "lat": 16.4402,
      "lon": 79.6235,
      "population": 8816
    },
    {
      "name": "Ādīgrat",
      "country": "Ethiopia",
      "country_code": "ET",
      "lat": 14.2667,
      "lon": 39.45,
      "population": 57588
    },
    {
      "name": "Adilābād",
      "country": "India",
      "country_code": "IN",
      "lat": 19.67,
      "lon": 78.53,
      "population": 117167
    },
    {
      "name": "Adilcevaz",
      "country": "Turkey",
      "country_code": "TR",
      "lat": 38.8058,
      "lon": 42.7469,
      "population": 15059
    },
    {
      "name": "Ādīs ‘Alem",
      "country": "Ethiopia",
      "country_code": "ET",
      "lat": 9.0333,
      "lon": 38.4,
      "population": 13423
    },
    {
      "name": "Ādīs Zemen",
      "country": "Ethiopia",
      "country_code": "ET",
      "lat": 12.1167,
      "lon": 37.7833,
      "population": 24849
    },
    {
      "name": "Ādivāla",
      "country": "India",
      "country_code": "IN",
      "lat": 13.9131,
      "lon": 76.6619,
      "population": 9514
    },
    {
      "name": "Adiyakkamangalam",
      "country": "India",
      "country_code": "IN",
      "lat": 10.7626,
      "lon": 79.6775,
      "population": 8776
    },
    {
      "name": "Adjahomé",
      "country": "Benin",
      "country_code": "BJ",
      "lat": 7.0618,
      "lon": 1.8368,
      "population": 16421
    },
    {
      "name": "Adjala-Tosorontio",
      "country": "Canada",
      "country_code": "CA",
      "lat": 44.1333,
      "lon": -79.9333,
      "population": 10975
    },
    {
      "name": "Adjaouèrè",
      "country": "Benin",
      "country_code": "BJ",
      "lat": 7.0,
      "lon": 2.6167,
      "population": 115953
    },
    {
      "name": "Adjarra",
      "country": "Benin",
      "country_code": "BJ",
      "lat": 6.5333,
      "lon": 2.6667,
      "population": 97424
    },
    {
      "name": "Adjarra",
      "country": "Benin",
      "country_code": "BJ",
      "lat": 6.5333,
      "lon": 2.2667,
      "population": 8651
    },
    {
      "name": "Adjido",
      "country": "Benin",
      "country_code": "BJ",
      "lat": 7.0333,
      "lon": 1.9833,
      "population": 9064
    },
    {
      "name": "Adjohon",
      "country": "Benin",
      "country_code": "BJ",
      "lat": 6.7,
      "lon": 2.4667,
      "population": 60955
    },
    {
      "name": "Adjud",
      "country": "Romania",
      "country_code": "RO",
      "lat": 46.1,
      "lon": 27.1797,
      "population": 15178
    },
    {
      "name": "Adjumani",
      "country": "Uganda",
      "country_code": "UG",
      "lat": 3.3772,
      "lon": 31.7906,
      "population": 37100
    },
    {
      "name": "Adliswil",
      "country": "Switzerland",
      "country_code": "CH",
      "lat": 47.3122,
      "lon": 8.5256,
      "population": 18731
    },
    {
      "name": "Ado-Ekiti",
      "country": "Nigeria",
      "country_code": "NG",
      "lat": 7.6211,
      "lon": 5.2214,
      "population": 446749
    },
    {
      "name": "Adohoun",
      "country": "Benin",
      "country_code": "BJ",
      "lat": 6.6333,
      "lon": 1.6667,
      "population": 10622
    },
    {
      "name": "Adolfo Gonzáles Chaves",
      "country": "Argentina",
      "country_code": "AR",
      "lat": -38.0333,
      "lon": -60.0833,
      "population": 12914
    },
    {
      "name": "Adonara",
      "country": "Indonesia",
      "country_code": "ID",
      "lat": -8.25,
      "lon": 123.15,
      "population": 132345
    },
    {
      "name": "Ādoni",
      "country": "India",
      "country_code": "IN",
      "lat": 15.6279,
      "lon": 77.2749,
      "population": 166344
    },
    {
      "name": "Adra",
      "country": "Spain",
      "country_code": "ES",
      "lat": 36.7478,
      "lon": -3.0161,
      "population": 25515
    },
    {
      "name": "Ādra",
      "country": "India",
      "country_code": "IN",
      "lat": 23.5,
      "lon": 86.67,
      "population": 21600
    },
    {
      "name": "‘Adrā",
      "country": "Syria",
      "country_code": "SY",
      "lat": 33.6041,
      "lon": 36.5146,
      "population": 20559
    },
    {
      "name": "Adrano",
      "country": "Italy",
      "country_code": "IT",
      "lat": 37.6625,
      "lon": 14.8356,
      "population": 33899
    },
    {
      "name": "Adrar",
      "country": "Algeria",
      "country_code": "DZ",
      "lat": 27.8667,
      "lon": -0.2833,
      "population": 68276
    },
    {
      "name": "Adrasmon",
      "country": "Tajikistan",
      "country_code": "TJ",
      "lat": 40.6486,
      "lon": 69.9856,
      "population": 15800
    },
    {
      "name": "Adré",
      "country": "Chad",
      "country_code": "TD",
      "lat": 13.4667,
      "lon": 22.2,
      "population": 12571
    },
    {
      "name": "Adria",
      "country": "Italy",
      "country_code": "IT",
      "lat": 45.05,
      "lon": 12.05,
      "population": 18643
    },
    {
      "name": "Adrian",
      "country": "United States",
      "country_code": "US",
      "lat": 41.8994,
      "lon": -84.0447,
      "population": 20493
    },
    {
      "name": "Adrogue",
      "country": "Argentina",
      "country_code": "AR",
      "lat": -34.8,
      "lon": -58.3833,
      "population": 28265
    },
    {
      "name": "Adukam",
      "country": "India",
      "country_code": "IN",
      "lat": 9.7954,
      "lon": 76.8456,
      "population": 12633
    },
    {
      "name": "Aduku",
      "country": "Uganda",
      "country_code": "UG",
      "lat": 2.0194,
      "lon": 32.72,
      "population": 10700
    },
    {
      "name": "Ādūru",
      "country": "India",
      "country_code": "IN",
      "lat": 12.5583,
      "lon": 75.1357,
      "population": 11598
    },
    {
      "name": "Adustina",
      "country": "Brazil",
      "country_code": "BR",
      "lat": -10.5328,
      "lon": -38.1,
      "population": 14201
    },
    {
      "name": "Advi Devalpalli",
      "country": "India",
      "country_code": "IN",
      "lat": 16.6631,
      "lon": 79.5139,
      "population": 10088
    },
    {
      "name": "Ādwa",
      "country": "Ethiopia",
      "country_code": "ET",
      "lat": 14.1667,
      "lon": 38.9,
      "population": 40500
    },
    {
      "name": "Adwick le Street",
      "country": "United Kingdom",
      "country_code": "GB",
      "lat": 53.5677,
      "lon": -1.1931,
      "population": 15911
    },
    {
      "name": "Adıyaman",
      "country": "Turkey",
      "country_code": "TR",
      "lat": 37.7639,
      "lon": 38.2778,
      "population": 267131
    },
    {
      "name": "Adygeysk",
      "country": "Russia",
      "country_code": "RU",
      "lat": 44.8832,
      "lon": 39.1902,
      "population": 13224
    },
    {
      "name": "Adzopé",
      "country": "Côte d’Ivoire",
      "country_code": "CI",
      "lat": 6.1035,
      "lon": -3.8648,
      "population": 156488
    },
    {
      "name": "Aerzen",
      "country": "Germany",
      "country_code": "DE",
      "lat": 52.0494,
      "lon": 9.2653,
      "population": 10544
    },
    {
      "name": "Aesch",
      "country": "Switzerland",
      "country_code": "CH",
      "lat": 47.4694,
      "lon": 7.5942,
      "population": 10352
    },
    {
      "name": "Afak",
      "country": "Iraq",
      "country_code": "IQ",
      "lat": 32.0889,
      "lon": 45.2506,
      "population": 75000
    },
    {
      "name": "Afanyangan",
      "country": "Togo",
      "country_code": "TG",
      "lat": 6.4833,
      "lon": 1.65,
      "population": 13046
    },
    {
      "name": "Āfdem",
      "country": "Ethiopia",
      "country_code": "ET",
      "lat": 9.4667,
      "lon": 41.0,
      "population": 112840
    },
    {
      "name": "Afega",
      "country": "Samoa",
      "country_code": "WS",
      "lat": -13.8019,
      "lon": -171.8217,
      "population": 1998
    },
    {
      "name": "Affoltern am Albis",
      "country": "Switzerland",
      "country_code": "CH",
      "lat": 47.2817,
      "lon": 8.4502,
      "population": 12226
    },
    {
      "name": "Affton",
      "country": "United States",
      "country_code": "US",
      "lat": 38.5499,
      "lon": -90.3264,
      "population": 20035
    },
    {
      "name": "Afgooye",
      "country": "Somalia",
      "country_code": "SO",
      "lat": 2.1381,
      "lon": 45.1212,
      "population": 79400
    },
    {
      "name": "Afir",
      "country": "Algeria",
      "country_code": "DZ",
      "lat": 36.7676,
      "lon": 3.7029,
      "population": 13223
    },
    {
      "name": "Aflao",
      "country": "Ghana",
      "country_code": "GH",
      "lat": 6.1468,
      "lon": 1.1799,
      "population": 66546
    },
    {
      "name": "Aflou",
      "country": "Algeria",
      "country_code": "DZ",
      "lat": 34.1089,
      "lon": 2.1019,
      "population": 102025
    },
    {
      "name": "Afmadow",
      "country": "Somalia",
      "country_code": "SO",
      "lat": 0.5127,
      "lon": 42.0796,
      "population": 90000
    },
    {
      "name": "Afogados da Ingazeira",
      "country": "Brazil",
      "country_code": "BR",
      "lat": -7.7508,
      "lon": -37.6342,
      "population": 40241
    },
    {
      "name": "Afonso Bezerra",
      "country": "Brazil",
      "country_code": "BR",
      "lat": -5.4978,
      "lon": -36.5058,
      "population": 10839
    },
    {
      "name": "Afonso Cláudio",
      "country": "Brazil",
      "country_code": "BR",
      "lat": -20.0739,
      "lon": -41.1239,
      "population": 30455
    },
    {
      "name": "Afourar",
      "country": "Morocco",
      "country_code": "MA",
      "lat": 32.2167,
      "lon": -6.5,
      "population": 20215
    },
    {
      "name": "Afragola",
      "country": "Italy",
      "country_code": "IT",
      "lat": 40.9167,
      "lon": 14.3167,
      "population": 61712
    },
    {
      "name": "Afrânio",
      "country": "Brazil",
      "country_code": "BR",
      "lat": -8.5,
      "lon": -41.0,
      "population": 18674
    },
    {
      "name": "‘Afrīn",
      "country": "Syria",
      "country_code": "SY",
      "lat": 36.5119,
      "lon": 36.8695,
      "population": 36562
    },
    {
      "name": "Afşin",
      "country": "Turkey",
      "country_code": "TR",
      "lat": 38.2464,
      "lon": 36.9186,
      "population": 80044
    },
    {
      "name": "Afuá",
      "country": "Brazil",
      "country_code": "BR",
      "lat": -0.1569,
      "lon": -50.3869,
      "population": 37765
    },
    {
      "name": "Afula",
      "country": "Israel",
      "country_code": "IL",
      "lat": 32.6064,
      "lon": 35.2881,
      "population": 60000
    },
    {
      "name": "Afumaţi",
      "country": "Romania",
      "country_code": "RO",
      "lat": 44.525,
      "lon": 26.2522,
      "population": 8748
    },
    {
      "name": "Afyonkarahisar",
      "country": "Turkey",
      "country_code": "TR",
      "lat": 38.7578,
      "lon": 30.5386,
      "population": 251799
    },
    {
      "name": "Afzala",
      "country": "India",
      "country_code": "IN",
      "lat": 25.9319,
      "lon": 86.2293,
      "population": 13475
    },
    {
      "name": "Afzalpur",
      "country": "India",
      "country_code": "IN",
      "lat": 17.2011,
      "lon": 76.3611,
      "population": 27088
    },
    {
      "name": "Āgadāllanka",
      "country": "India",
      "country_code": "IN",
      "lat": 16.7123,
      "lon": 81.2732,
      "population": 8870
    },
    {
      "name": "Agadez",
      "country": "Niger",
      "country_code": "NE",
      "lat": 16.9959,
      "lon": 7.9828,
      "population": 117770
    },
    {
      "name": "Agadi",
      "country": "India",
      "country_code": "IN",
      "lat": 14.819,
      "lon": 75.469,
      "population": 11751
    },
    {
      "name": "Agadir",
      "country": "Morocco",
      "country_code": "MA",
      "lat": 30.4214,
      "lon": -9.5831,
      "population": 538000
    },
    {
      "name": "Agago",
      "country": "Uganda",
      "country_code": "UG",
      "lat": 2.9847,
      "lon": 33.3306,
      "population": 0
    },
    {
      "name": "Agamé",
      "country": "Benin",
      "country_code": "BJ",
      "lat": 6.7333,
      "lon": 1.7667,
      "population": 11465
    },
    {
      "name": "Agan",
      "country": "China",
      "country_code": "CN",
      "lat": 35.9176,
      "lon": 103.8501,
      "population": 20985
    },
    {
      "name": "Agano",
      "country": "Japan",
      "country_code": "JP",
      "lat": 37.8344,
      "lon": 139.226,
      "population": 40382
    },
    {
      "name": "Agapa",
      "country": "Russia",
      "country_code": "RU",
      "lat": 71.4504,
      "lon": 89.25,
      "population": 10
    },
    {
      "name": "Agar",
      "country": "India",
      "country_code": "IN",
      "lat": 23.7118,
      "lon": 76.0157,
      "population": 41193
    },
    {
      "name": "Agaram",
      "country": "India",
      "country_code": "IN",
      "lat": 10.4433,
      "lon": 77.9485,
      "population": 16874
    },
    {
      "name": "Agareb",
      "country": "Tunisia",
      "country_code": "TN",
      "lat": 34.4333,
      "lon": 10.1833,
      "population": 11513
    },
    {
      "name": "Āgaro",
      "country": "Ethiopia",
      "country_code": "ET",
      "lat": 7.8558,
      "lon": 36.5858,
      "population": 25458
    },
    {
      "name": "Agarpur",
      "country": "India",
      "country_code": "IN",
      "lat": 25.1957,
      "lon": 87.0423,
      "population": 18367
    },
    {
      "name": "Agartala",
      "country": "India",
      "country_code": "IN",
      "lat": 23.8314,
      "lon": 91.2869,
      "population": 522613
    },
    {
      "name": "Agatogba",
      "country": "Benin",
      "country_code": "BJ",
      "lat": 6.4,
      "lon": 1.9,
      "population": 9758
    },
    {
      "name": "Agawam",
      "country": "United States",
      "country_code": "US",
      "lat": 42.0657,
      "lon": -72.6526,
      "population": 28510
    },
    {
      "name": "Agbangnizoun",
      "country": "Benin",
      "country_code": "BJ",
      "lat": 7.0667,
      "lon": 1.9667,
      "population": 55001
    },
    {
      "name": "Agblangandan",
      "country": "Benin",
      "country_code": "BJ",
      "lat": 6.3667,
      "lon": 2.5167,
      "population": 30716
    },
    {
      "name": "Agboville",
      "country": "Côte d’Ivoire",
      "country_code": "CI",
      "lat": 5.9333,
      "lon": -4.2167,
      "population": 135082
    },
    {
      "name": "Ağcabədi",
      "country": "Azerbaijan",
      "country_code": "AZ",
      "lat": 40.0489,
      "lon": 47.4502,
      "population": 43000
    },
    {
      "name": "Agcogon",
      "country": "Philippines",
      "country_code": "PH",
      "lat": 12.07,
      "lon": 121.93,
      "population": 11759
    },
    {
      "name": "Ağdam",
      "country": "Azerbaijan",
      "country_code": "AZ",
      "lat": 39.9833,
      "lon": 46.9167,
      "population": 3770
    },
    {
      "name": "Ağdam",
      "country": "Azerbaijan",
      "country_code": "AZ",
      "lat": 40.9053,
      "lon": 45.5564,
      "population": 1155
    },
    {
      "name": "Agdangan",
      "country": "Philippines",
      "country_code": "PH",
      "lat": 13.8758,
      "lon": 121.9122,
      "population": 12764
    },
    {
      "name": "Ağdaş",
      "country": "Azerbaijan",
      "country_code": "AZ",
      "lat": 40.65,
      "lon": 47.4833,
      "population": 29600
    },
    {
      "name": "Agde",
      "country": "France",
      "country_code": "FR",
      "lat": 43.3108,
      "lon": 3.4758,
      "population": 29612
    },
    {
      "name": "Agdz",
      "country": "Morocco",
      "country_code": "MA",
      "lat": 30.6978,
      "lon": -6.4497,
      "population": 11189
    },
    {
      "name": "Agege",
      "country": "Nigeria",
      "country_code": "NG",
      "lat": 6.6219,
      "lon": 3.3258,
      "population": 683600
    },
    {
      "name": "Agen",
      "country": "France",
      "country_code": "FR",
      "lat": 44.2049,
      "lon": 0.6212,
      "population": 32193
    },
    {
      "name": "Ageoshimo",
      "country": "Japan",
      "country_code": "JP",
      "lat": 35.9774,
      "lon": 139.5932,
      "population": 226616
    },
    {
      "name": "Aghbal",
      "country": "Morocco",
      "country_code": "MA",
      "lat": 34.9394,
      "lon": -2.1272,
      "population": 16113
    },
    {
      "name": "Aghbala",
      "country": "Morocco",
      "country_code": "MA",
      "lat": 32.4833,
      "lon": -5.6333,
      "population": 13373
    },
    {
      "name": "Aghbalou Aqourar",
      "country": "Morocco",
      "country_code": "MA",
      "lat": 33.9341,
      "lon": -4.7381,
      "population": 9715
    },
    {
      "name": "Aghbalou n’Kerdous",
      "country": "Morocco",
      "country_code": "MA",
      "lat": 31.6767,
      "lon": -5.2976,
      "population": 10675
    },
    {
      "name": "Agía Paraskeví",
      "country": "Greece",
      "country_code": "GR",
      "lat": 38.0117,
      "lon": 23.82,
      "population": 62147
    },
    {
      "name": "Agía Varvára",
      "country": "Greece",
      "country_code": "GR",
      "lat": 38.0,
      "lon": 23.65,
      "population": 26759
    },
    {
      "name": "Agidel",
      "country": "Russia",
      "country_code": "RU",
      "lat": 55.9,
      "lon": 53.9333,
      "population": 14219
    },
    {
      "name": "Aginiparru",
      "country": "India",
      "country_code": "IN",
      "lat": 16.6817,
      "lon": 80.7839,
      "population": 13283
    },
    {
      "name": "Aginskoye",
      "country": "Russia",
      "country_code": "RU",
      "lat": 51.1031,
      "lon": 114.5228,
      "population": 11491
    },
    {
      "name": "Ágioi Anárgyroi",
      "country": "Greece",
      "country_code": "GR",
      "lat": 38.0267,
      "lon": 23.7183,
      "population": 32283
    },
    {
      "name": "Ágios Athanásios",
      "country": "Cyprus",
      "country_code": "CY",
      "lat": 34.7086,
      "lon": 33.0503,
      "population": 14578
    },
    {
      "name": "Ágios Dimítrios",
      "country": "Greece",
      "country_code": "GR",
      "lat": 37.9333,
      "lon": 23.7333,
      "population": 71664
    },
    {
      "name": "Ágios Ioánnis Réntis",
      "country": "Greece",
      "country_code": "GR",
      "lat": 37.9667,
      "lon": 23.6667,
      "population": 15411
    },
    {
      "name": "Ágios Nikólaos",
      "country": "Greece",
      "country_code": "GR",
      "lat": 35.1833,
      "lon": 25.7167,
      "population": 21562
    },
    {
      "name": "Āgiripalle",
      "country": "India",
      "country_code": "IN",
      "lat": 16.6833,
      "lon": 80.65,
      "population": 16150
    },
    {
      "name": "Agliana",
      "country": "Italy",
      "country_code": "IT",
      "lat": 43.9,
      "lon": 11.0,
      "population": 17934
    },
    {
      "name": "Aglipay",
      "country": "Philippines",
      "country_code": "PH",
      "lat": 16.4889,
      "lon": 121.5874,
      "population": 30714
    },
    {
      "name": "Agno",
      "country": "Philippines",
      "country_code": "PH",
      "lat": 16.1161,
      "lon": 119.8027,
      "population": 29947
    },
    {
      "name": "Agogo",
      "country": "Ghana",
      "country_code": "GH",
      "lat": 6.8,
      "lon": -1.0833,
      "population": 36797
    },
    {
      "name": "Agoncillo",
      "country": "Philippines",
      "country_code": "PH",
      "lat": 13.9334,
      "lon": 120.9285,
      "population": 39101
    },
    {
      "name": "Agoo",
      "country": "Philippines",
      "country_code": "PH",
      "lat": 16.322,
      "lon": 120.3647,
      "population": 66028
    },
    {
      "name": "Agoué",
      "country": "Benin",
      "country_code": "BJ",
      "lat": 6.25,
      "lon": 1.6833,
      "population": 9589
    },
    {
      "name": "Agouna",
      "country": "Benin",
      "country_code": "BJ",
      "lat": 7.5667,
      "lon": 1.7,
      "population": 10763
    },
    {
      "name": "Agoura Hills",
      "country": "United States",
      "country_code": "US",
      "lat": 34.151,
      "lon": -118.7609,
      "population": 19881
    },
    {
      "name": "Agourai",
      "country": "Morocco",
      "country_code": "MA",
      "lat": 33.6333,
      "lon": -5.5833,
      "population": 10033
    },
    {
      "name": "Ağrı",
      "country": "Turkey",
      "country_code": "TR",
      "lat": 39.7186,
      "lon": 43.0508,
      "population": 148765
    },
    {
      "name": "Āgra",
      "country": "India",
      "country_code": "IN",
      "lat": 27.18,
      "lon": 78.02,
      "population": 1760285
    },
    {
      "name": "Agramonte",
      "country": "Cuba",
      "country_code": "CU",
      "lat": 22.6768,
      "lon": -81.1161,
      "population": 10502
    },
    {
      "name": "Agrate Brianza",
      "country": "Italy",
      "country_code": "IT",
      "lat": 45.5783,
      "lon": 9.3522,
      "population": 15547
    },
    {
      "name": "Agrestina",
      "country": "Brazil",
      "country_code": "BR",
      "lat": -8.45,
      "lon": -35.95,
      "population": 23779
    },
    {
      "name": "Agrigento",
      "country": "Italy",
      "country_code": "IT",
      "lat": 37.3107,
      "lon": 13.5766,
      "population": 55512
    },
    {
      "name": "Agrínio",
      "country": "Greece",
      "country_code": "GR",
      "lat": 38.6167,
      "lon": 21.4,
      "population": 50690
    },
    {
      "name": "Agropoli",
      "country": "Italy",
      "country_code": "IT",
      "lat": 40.3469,
      "lon": 14.9965,
      "population": 21262
    },
    {
      "name": "Agryz",
      "country": "Russia",
      "country_code": "RU",
      "lat": 56.5219,
      "lon": 52.9975,
      "population": 19794
    },
    {
      "name": "Ağstafa",
      "country": "Azerbaijan",
      "country_code": "AZ",
      "lat": 41.1189,
      "lon": 45.4539,
      "population": 20200
    },
    {
      "name": "Ağsu",
      "country": "Azerbaijan",
      "country_code": "AZ",
      "lat": 40.5703,
      "lon": 48.4009,
      "population": 20200
    },
    {
      "name": "Água Azul do Norte",
      "country": "Brazil",
      "country_code": "BR",
      "lat": -6.7908,
      "lon": -50.4669,
      "population": 18080
    },
    {
      "name": "Agua Blanca",
      "country": "Guatemala",
      "country_code": "GT",
      "lat": 14.4833,
      "lon": -89.6494,
      "population": 17765
    },
    {
      "name": "Agua Blanca Iturbide",
      "country": "Mexico",
      "country_code": "MX",
      "lat": 20.35,
      "lon": -98.35,
      "population": 10313
    },
    {
      "name": "Água Boa",
      "country": "Brazil",
      "country_code": "BR",
      "lat": -17.9958,
      "lon": -42.3889,
      "population": 12589
    },
    {
      "name": "Água Branca",
      "country": "Brazil",
      "country_code": "BR",
      "lat": -9.2608,
      "lon": -37.9361,
      "population": 19008
    },
    {
      "name": "Água Branca",
      "country": "Brazil",
      "country_code": "BR",
      "lat": -5.89,
      "lon": -42.6378,
      "population": 17573
    },
    {
      "name": "Água Branca",
      "country": "Brazil",
      "country_code": "BR",
      "lat": -7.5119,
      "lon": -37.6408,
      "population": 9335
    },
    {
      "name": "Água Clara",
      "country": "Brazil",
      "country_code": "BR",
      "lat": -20.45,
      "lon": -52.8667,
      "population": 16741
    },
    {
      "name": "Agua de Dios",
      "country": "Colombia",
      "country_code": "CO",
      "lat": 4.3781,
      "lon": -74.6739,
      "population": 13182
    },
    {
      "name": "Água Doce",
      "country": "Brazil",
      "country_code": "BR",
      "lat": -18.5464,
      "lon": -40.9828,
      "population": 10909
    },
    {
      "name": "Água Fria",
      "country": "Brazil",
      "country_code": "BR",
      "lat": -11.8669,
      "lon": -38.7669,
      "population": 14497
    },
    {
      "name": "Água Preta",
      "country": "Brazil",
      "country_code": "BR",
      "lat": -8.7,
      "lon": -35.35,
      "population": 26461
    },
    {
      "name": "Agua Prieta",
      "country": "Mexico",
      "country_code": "MX",
      "lat": 31.3258,
      "lon": -109.5489,
      "population": 91029
    },
    {
      "name": "Aguacatán",
      "country": "Guatemala",
      "country_code": "GT",
      "lat": 15.35,
      "lon": -91.3167,
      "population": 59638
    },
    {
      "name": "Aguachica",
      "country": "Colombia",
      "country_code": "CO",
      "lat": 8.3167,
      "lon": -73.6333,
      "population": 109621
    },
    {
      "name": "Aguada de Pasajeros",
      "country": "Cuba",
      "country_code": "CU",
      "lat": 22.3847,
      "lon": -80.8461,
      "population": 31279
    },
    {
      "name": "Aguadas",
      "country": "Colombia",
      "country_code": "CO",
      "lat": 5.6167,
      "lon": -75.4667,
      "population": 21237
    },
    {
      "name": "Aguadilla",
      "country": "Puerto Rico",
      "country_code": "PR",
      "lat": 18.4382,
      "lon": -67.1537,
      "population": 235546
    },
    {
      "name": "Aguadulce",
      "country": "Panama",
      "country_code": "PA",
      "lat": 8.2415,
      "lon": -80.5398,
      "population": 51668
    },
    {
      "name": "Aguadulce",
      "country": "Spain",
      "country_code": "ES",
      "lat": 36.7642,
      "lon": -2.6147,
      "population": 16176
    },
    {
      "name": "Aguaí",
      "country": "Brazil",
      "country_code": "BR",
      "lat": -22.0603,
      "lon": -46.9736,
      "population": 34863
    },
    {
      "name": "Agualva",
      "country": "Portugal",
      "country_code": "PT",
      "lat": 38.77,
      "lon": -9.2988,
      "population": 35824
    },
    {
      "name": "Águas Belas",
      "country": "Brazil",
      "country_code": "BR",
      "lat": -9.1167,
      "lon": -37.1167,
      "population": 41548
    },
    {
      "name": "Águas de Lindóia",
      "country": "Brazil",
      "country_code": "BR",
      "lat": -22.4758,
      "lon": -46.6328,
      "population": 16190
    },
    {
      "name": "Águas Formosas",
      "country": "Brazil",
      "country_code": "BR",
      "lat": -17.0819,
      "lon": -40.9358,
      "population": 17845
    },
    {
      "name": "Águas Santas",
      "country": "Portugal",
      "country_code": "PT",
      "lat": 41.2106,
      "lon": -8.5866,
      "population": 27470
    },
    {
      "name": "Águas Vermelhas",
      "country": "Brazil",
      "country_code": "BR",
      "lat": -15.7469,
      "lon": -41.46,
      "population": 14037
    },
    {
      "name": "Aguas Zarcas",
      "country": "Costa Rica",
      "country_code": "CR",
      "lat": 10.4223,
      "lon": -84.3554,
      "population": 20239
    },
    {
      "name": "Aguasay",
      "country": "Venezuela",
      "country_code": "VE",
      "lat": 9.4249,
      "lon": -63.7308,
      "population": 11856
    },
    {
      "name": "Aguascalientes",
      "country": "Mexico",
      "country_code": "MX",
      "lat": 21.876,
      "lon": -102.296,
      "population": 934424
    },
    {
      "name": "Aguazul",
      "country": "Colombia",
      "country_code": "CO",
      "lat": 5.1731,
      "lon": -72.5547,
      "population": 43183
    },
    {
      "name": "Agudo",
      "country": "Brazil",
      "country_code": "BR",
      "lat": -29.645,
      "lon": -53.24,
      "population": 16041
    },
    {
      "name": "Agudos",
      "country": "Brazil",
      "country_code": "BR",
      "lat": -22.4739,
      "lon": -48.9836,
      "population": 37401
    },
    {
      "name": "Agudos do Sul",
      "country": "Brazil",
      "country_code": "BR",
      "lat": -25.9928,
      "lon": -49.335,
      "population": 10233
    },
    {
      "name": "Águeda",
      "country": "Portugal",
      "country_code": "PT",
      "lat": 40.5745,
      "lon": -8.448,
      "population": 47729
    },
    {
      "name": "Aguelhok",
      "country": "Mali",
      "country_code": "ML",
      "lat": 19.4614,
      "lon": 0.8589,
      "population": 8080
    },
    {
      "name": "Aguelmous",
      "country": "Morocco",
      "country_code": "MA",
      "lat": 33.15,
      "lon": -5.8333,
      "population": 36560
    },
    {
      "name": "Agui",
      "country": "Japan",
      "country_code": "JP",
      "lat": 34.9333,
      "lon": 136.9167,
      "population": 28176
    },
    {
      "name": "Águia Branca",
      "country": "Brazil",
      "country_code": "BR",
      "lat": -18.9828,
      "lon": -40.74,
      "population": 9519
    },
    {
      "name": "Aguilar",
      "country": "Philippines",
      "country_code": "PH",
      "lat": 15.8899,
      "lon": 120.2379,
      "population": 45100
    },
    {
      "name": "Aguilar",
      "country": "Spain",
      "country_code": "ES",
      "lat": 37.5167,
      "lon": -4.65,
      "population": 13210
    },
    {
      "name": "Aguilares",
      "country": "El Salvador",
      "country_code": "SV",
      "lat": 13.95,
      "lon": -89.1833,
      "population": 73300
    },
    {
      "name": "Aguilares",
      "country": "Argentina",
      "country_code": "AR",
      "lat": -27.4333,
      "lon": -65.6167,
      "population": 32097
    },
    {
      "name": "Águilas",
      "country": "Spain",
      "country_code": "ES",
      "lat": 37.4042,
      "lon": -1.5819,
      "population": 37417
    },
    {
      "name": "Agüimes",
      "country": "Spain",
      "country_code": "ES",
      "lat": 27.8833,
      "lon": -15.4333,
      "population": 33179
    },
    {
      "name": "Aguinaldo",
      "country": "Philippines",
      "country_code": "PH",
      "lat": 16.9789,
      "lon": 121.3272,
      "population": 21128
    },
    {
      "name": "Agustín Codazzi",
      "country": "Colombia",
      "country_code": "CO",
      "lat": 10.0367,
      "lon": -73.2369,
      "population": 49233
    },
    {
      "name": "Agutaya",
      "country": "Philippines",
      "country_code": "PH",
      "lat": 11.152,
      "lon": 120.9396,
      "population": 12867
    },
    {
      "name": "Ahar",
      "country": "Iran",
      "country_code": "IR",
      "lat": 38.4797,
      "lon": 47.0669,
      "population": 100641
    },
    {
      "name": "Ahaus",
      "country": "Germany",
      "country_code": "DE",
      "lat": 52.0667,
      "lon": 7.0,
      "population": 40580
    },
    {
      "name": "Ahenkro",
      "country": "Ghana",
      "country_code": "GH",
      "lat": 7.1146,
      "lon": 0.3211,
      "population": 80813
    },
    {
      "name": "Aheqi",
      "country": "China",
      "country_code": "CN",
      "lat": 40.9365,
      "lon": 78.4023,
      "population": 11910
    },
    {
      "name": "Ahermoumou",
      "country": "Morocco",
      "country_code": "MA",
      "lat": 33.83,
      "lon": -4.4,
      "population": 12654
    },
    {
      "name": "Ahfir",
      "country": "Morocco",
      "country_code": "MA",
      "lat": 34.9514,
      "lon": -2.1025,
      "population": 16310
    },
    {
      "name": "Ahigbé Koffikro",
      "country": "Côte d’Ivoire",
      "country_code": "CI",
      "lat": 5.4075,
      "lon": -3.3802,
      "population": 14928
    },
    {
      "name": "Ahirauliyā",
      "country": "India",
      "country_code": "IN",
      "lat": 26.5091,
      "lon": 84.7999,
      "population": 12448
    },
    {
      "name": "Āhiro",
      "country": "India",
      "country_code": "IN",
      "lat": 24.9192,
      "lon": 87.1054,
      "population": 10223
    },
    {
      "name": "Ahlaf",
      "country": "Morocco",
      "country_code": "MA",
      "lat": 33.2833,
      "lon": -7.2,
      "population": 11451
    },
    {
      "name": "Ahlat",
      "country": "Turkey",
      "country_code": "TR",
      "lat": 38.7528,
      "lon": 42.4944,
      "population": 27563
    },
    {
      "name": "Ahlen",
      "country": "Germany",
      "country_code": "DE",
      "lat": 51.7633,
      "lon": 7.8911,
      "population": 53278
    },
    {
      "name": "Ahmadābād",
      "country": "India",
      "country_code": "IN",
      "lat": 25.3019,
      "lon": 87.7938,
      "population": 26513
    },
    {
      "name": "Ahmadnagar",
      "country": "India",
      "country_code": "IN",
      "lat": 19.08,
      "lon": 74.73,
      "population": 350859
    },
    {
      "name": "Ahmadpur",
      "country": "India",
      "country_code": "IN",
      "lat": 18.7,
      "lon": 76.9333,
      "population": 44000
    },
    {
      "name": "Ahmadpur",
      "country": "India",
      "country_code": "IN",
      "lat": 23.8365,
      "lon": 87.6912,
      "population": 9242
    },
    {
      "name": "Ahmadpur East",
      "country": "Pakistan",
      "country_code": "PK",
      "lat": 29.1439,
      "lon": 71.2592,
      "population": 128112
    },
    {
      "name": "Ahmed Rachedi",
      "country": "Algeria",
      "country_code": "DZ",
      "lat": 36.4,
      "lon": 6.1167,
      "population": 14489
    },
    {
      "name": "Ahmedabad",
      "country": "India",
      "country_code": "IN",
      "lat": 23.0225,
      "lon": 72.5714,
      "population": 8009000
    },
    {
      "name": "Ahmer el ’Aïn",
      "country": "Algeria",
      "country_code": "DZ",
      "lat": 36.4781,
      "lon": 2.5639,
      "population": 29000
    },
    {
      "name": "Ahmetli",
      "country": "Turkey",
      "country_code": "TR",
      "lat": 38.5183,
      "lon": 27.9386,
      "population": 16963
    },
    {
      "name": "Ahogbeya",
      "country": "Benin",
      "country_code": "BJ",
      "lat": 7.0333,
      "lon": 1.9167,
      "population": 10330
    },
    {
      "name": "Ahor",
      "country": "India",
      "country_code": "IN",
      "lat": 25.367,
      "lon": 72.783,
      "population": 239642
    },
    {
      "name": "Ahram",
      "country": "Iran",
      "country_code": "IR",
      "lat": 28.8828,
      "lon": 51.2756,
      "population": 15198
    },
    {
      "name": "Ahrensbök",
      "country": "Germany",
      "country_code": "DE",
      "lat": 54.0167,
      "lon": 10.5833,
      "population": 8502
    },
    {
      "name": "Ahrensburg",
      "country": "Germany",
      "country_code": "DE",
      "lat": 53.6747,
      "lon": 10.2411,
      "population": 34601
    },
    {
      "name": "Ahrensfelde",
      "country": "Germany",
      "country_code": "DE",
      "lat": 52.5758,
      "lon": 13.5764,
      "population": 14144
    }
  ]
}